{
    "contestId": 2161,
    "index": "H",
    "title": "H. Cycle Sort",
    "statement": "You are given two integer arrays $$$a_0, \\ldots, a_{n - 1}$$$ and $$$b_0, \\ldots, b_{m - 1}$$$. Each integer among $$$1, \\ldots, n + m$$$ is present exactly once among $$$a_0, \\ldots, a_{n - 1}, b_0, \\ldots, b_{m - 1}$$$.\nWe perform $$$k$$$ operations on the arrays. Namely, for each integer $$$i$$$ from $$$0$$$ to $$$k - 1$$$ in this order\nif $$$a_{i \\bmod n}  \\gt  b_{i \\bmod m}$$$, we swap $$$a_{i \\bmod n}$$$ and $$$b_{i \\bmod m}$$$\notherwise, we do nothing\nDetermine the final state of both arrays after all $$$k$$$ operations are completed.",
    "inputSpecification": "Input\nEach test contains multiple test cases. The first line contains the number of test cases $$$t$$$ ($$$1 \\le t \\le 10^4$$$). The description of the test cases follows.\nThe first line of each test case contains three integers $$$n, m, k$$$ ($$$1 \\leq n, m \\leq 2 \\cdot 10^5$$$, $$$0 \\leq k \\leq 10^{18}$$$).\nThe second line contains $$$n$$$ integers $$$a_0, \\ldots, a_{n - 1}$$$.\nThe third line contains $$$m$$$ integers $$$b_0, \\ldots, b_{m - 1}$$$.\nIt is guaranteed that the joint sequence $$$a_0, \\ldots, a_{n - 1}, b_0, \\ldots, b_{m - 1}$$$ is a permutation of integers from $$$1$$$ to $$$n + m$$$.\nThe sum of $$$n + m$$$ over all testcases doesn't exceed $$$2 \\cdot 10^5$$$.",
    "outputSpecification": "Output\nFor each testcase, print two lines — the states of the arrays $$$a_0, \\ldots, a_{n - 1}$$$ and $$$b_0, \\ldots, b_{m - 1}$$$ after the $$$k$$$ operations are performed as described above.",
    "note": "Note\nThe action sequence for the first example\n$$$i$$$\n$$$i \\bmod n$$$\n$$$i \\bmod m$$$\ncomparison\naction\narray $$$a$$$\narray $$$b$$$\n0\n0\n0\n$$$3 \\gt 1$$$\nswap $$$a_0$$$ and $$$b_0$$$\n[1, 4]\n[3, 5, 2]\n1\n1\n1\n$$$4 \\lt 5$$$\nnothing\n[1, 4]\n[3, 5, 2]\n2\n0\n2\n$$$1 \\lt 2$$$\nnothing\n[1, 4]\n[3, 5, 2]\n3\n1\n0\n$$$4 \\gt 3$$$\nswap $$$a_1$$$ and $$$b_0$$$\n[1, 3]\n[4, 5, 2]\n4\n0\n1\n$$$1 \\lt 5$$$\nnothing\n[1, 3]\n[4, 5, 2]",
    "tags": [
        "data structures"
    ],
    "rating": 3500
}