{
    "contestId": 2196,
    "index": "B",
    "title": "B. Another Problem about Beautiful Pairs",
    "statement": "In the array $$$a$$$, we call a pair of indices $$$i$$$, $$$j$$$\nbeautiful\nif the following condition holds:\n$$$a_{i} \\cdot a_{j} = j - i$$$.\nCount the number of\nbeautiful\npairs in the array $$$a$$$.",
    "inputSpecification": "Input\nEach test contains multiple test cases. The first line contains the number of test cases $$$t$$$ ($$$1 \\le t \\le 10^4$$$). The description of the test cases follows.\nThe first line of each test case contains a single integer $$$n$$$ ($$$2 \\le n \\le 2 \\cdot 10^{5}$$$).\nThe second line of each test case contains $$$n$$$ integers $$$a_{i}$$$ ($$$1 \\le a_{i} \\le 10^{9}$$$).\nAdditional constraints on the input:\nThe sum of $$$n$$$ across all test cases does not exceed $$$2 \\cdot 10^5$$$.",
    "outputSpecification": "Output\nFor each test case, output a single integer — the answer to the problem.",
    "note": "Note\nIn the first example, there are $$$3$$$\nbeautiful\npairs: ($$$1, 2$$$), ($$$1, 3$$$), and ($$$1, 5$$$).\nIn the second example, there are $$$7$$$\nbeautiful\npairs: ($$$1, 3$$$), ($$$1, 5$$$), ($$$2, 4$$$), ($$$2, 6$$$), ($$$3, 4$$$), ($$$3, 5$$$), and ($$$4, 6$$$).",
    "tags": [
        "brute force",
        "math",
        "two pointers"
    ],
    "rating": "Unrated"
}