{
    "contestId": 2168,
    "index": "A1",
    "title": "A1. Encode and Decode (Easy Version)",
    "statement": "This is the easy version of the problem. The difference between the versions is that in this version, $$$a_i \\leq 26$$$.\nThis is a run-twice (communication) problem.\nIn these problems, your program will be run twice. All variables stored in the memory will be lost between runs, but information given to you in the first run may be important in trying to solve the problem correctly in the second run. Therefore, the main challenge is to find a strategy to communicate between the two runs using the limited output you can use.\nTime limit and memory limit are\nnot\nshared between the runs. For example, in this problem, since the time limit is $$$2$$$ seconds, you will only receive a verdict of\nTime Limit Exceeded\nif either run exceeds $$$2$$$ seconds, but it is perfectly okay if both runs of your program last $$$1.5$$$ seconds.\nIn this problem, your task is to find a strategy to encode and decode an array $$$a$$$ of size $$$n$$$.\nThe first run is the\nencoding\nphase. You are given $$$n$$$ and the elements of $$$a$$$ by the jury. Your task is to encode this array into a string $$$s$$$ that contains only\nletters of the lowercase English alphabet\n, and pass $$$s$$$ back to the jury. Then, your program will terminate, and all variables stored in memory will be lost.\nThe second run is the\ndecoding\nphase. You are given the string $$$s$$$ (the same string you passed to the jury during the first run) by the jury. Your task is to decode $$$s$$$ and determine $$$n$$$ and the elements of array $$$a$$$ that were originally given by the jury. In other words, you must reverse your encoding algorithm from the first run.\nFirst Run\nYour code will be run exactly two times on each test. On the first run, you will perform encoding.\nInput\nThe first line of the input contains the string\nfirst\n. The purpose of this is so your program recognizes that this is its first run, and it should act as the encoding algorithm.\nThe second line contains exactly an integer $$$n$$$ ($$$1 \\le n \\le 10^4$$$) — the length of $$$a$$$.\nThe third line contains $$$n$$$ space-separated integers $$$a_1, a_2, \\ldots, a_n$$$ ($$$1 \\leq a_i \\leq 26$$$).\nOutput\nWhen ready to send $$$s$$$, you can do so by printing the following:\n$$$s$$$, the encoded string ($$$1 \\leq |s| \\leq 10^5$$$, where $$$|s|$$$ denotes the length of $$$s$$$). This string must contain only lowercase letters of the English alphabet and should be printed without spaces.\nAfter this, your program should terminate. Note that all variables stored in memory will be lost.\nSecond Run\nOn the second run, you will perform decoding.\nInput\nThe first line of the input contains the string\nsecond\n. The purpose of this is so your program recognizes that this is its second run, and it should act as the decoding algorithm.\nThe second line of input contains string $$$s$$$, the variable that you passed to the jury during the first run.\nOutput\nWhen ready to send the original values of $$$n$$$ and the array $$$a$$$, you can do so by printing the following:\n$$$n\\, a_1\\, a_2\\, \\ldots\\, a_n$$$, the length of the original array, and the array itself.",
    "inputSpecification": "",
    "outputSpecification": "",
    "note": "Note\nThe two examples are meant to demonstrate\ntwo runs on the same test\n.\nOn the first run, you are given that $$$n = 5$$$ and $$$a = [1, 2, 3, 4, 5]$$$ by the jury. After reading in the input, you use your encoding algorithm to decide that $$$s$$$ should be\nwhileloop\n. You output this back to the jury. Then, your program terminates, all variables stored in memory are lost, and the second run proceeds.\nOn the second run, you are given that $$$s = \\mathtt{whileloop}$$$ by the jury. After reading this input, you use your decoding algorithm to restore the original values of $$$n$$$ and $$$a$$$. Fortunately, you determine that $$$n = 5$$$ and $$$a = [1, 2, 3, 4, 5]$$$. You output this back to the jury and the jury checks if it is equal to the original values. Since it is, you will pass this test.\nThese examples may not demonstrate optimal encoding/decoding algorithms.",
    "tags": [
        "communication",
        "constructive algorithms",
        "interactive"
    ],
    "rating": "Unrated"
}