{
    "contestId": 2143,
    "index": "E",
    "title": "E. Make Good",
    "statement": "You are given a bracket string $$$s$$$ of length $$$n$$$. You can apply the following operations arbitrary number of times (possibly, zero) and in any order:\nChoose an index $$$1 \\leq i < |s|$$$ such that $$$s_i = s_{i+1} = \\texttt{(}$$$, and replace both $$$s_i$$$ and $$$s_{i+1}$$$ with $$$\\texttt{)}$$$.\nChoose an index $$$1 \\leq i < |s|$$$ such that $$$s_i = s_{i+1} = \\texttt{)}$$$, and replace both $$$s_i$$$ and $$$s_{i+1}$$$ with $$$\\texttt{(}$$$.\nFind a regular bracket sequence$$$^{\\text{∗}}$$$ $$$t$$$ which can be obtained from $$$s$$$ by applying the operations described above, or print $$$-1$$$ if there is no such $$$t$$$.\n$$$^{\\text{∗}}$$$A regular bracket sequence is a bracket sequence that can be transformed into a correct arithmetic expression by inserting characters\n\"1\"\nand\n\"+\"\nbetween the original characters of the sequence. For example: the bracket sequences\n\"()()\"\nand\n\"(())\"\nare regular (the resulting expressions are:\n\"(1)+(1)\"\nand\n\"((1+1)+1)\")\n; the bracket sequences\n\")(\"\n,\n\"(\"\nand\n\")\"\nare not.",
    "inputSpecification": "Input\nEach test contains multiple test cases. The first line contains the number of test cases $$$t$$$ ($$$1 \\le t \\le 10^4$$$). The description of the test cases follows.\nThe first line contains one integer $$$n$$$ ($$$1 \\leq n \\leq 2 \\cdot 10^5$$$) — the length of the string.\nThe second line contains a single string $$$s$$$ — a sequence of the characters\n(\nand\n)\nof length $$$n$$$.\nIt is guaranteed that the sum of $$$n$$$ over all test cases does not exceed $$$2 \\cdot 10^5$$$.",
    "outputSpecification": "Output\nFor each test case output a regular bracket string $$$t$$$ which can be obtained from $$$s$$$ or print $$$-1$$$ if there is no such $$$t$$$.",
    "note": "Note\nIn the first testcase, the string\n\"()()\"\nis already a regular bracket sequence. No changes needed.\nIn the second and third testcases it's impossible to reach a regular bracket string from $$$s$$$.\nIn the fourth testcase we can do the following:\n\"))))))))\"\n$$$\\xrightarrow{i = 1}$$$\n\"(())))))\"\n\"(())))))\"\n$$$\\xrightarrow{i = 5}$$$\n\"(())(())\"\n.",
    "tags": [
        "constructive algorithms",
        "greedy",
        "math",
        "strings"
    ],
    "rating": 2400
}